{"cameraMode":{"drawMode":0,"name":"Shaded","section":"Shading Mode"},"sceneLighting":true,"audioPlay":false,"sceneViewState":{"m_AlwaysRefresh":false,"showFog":true,"showSkybox":true,"showFlares":true,"showImageEffects":true,"showParticleSystems":true,"showVisualEffectGraphs":true,"m_FxEnabled":true},"in2DMode":false,"pivot":{"x":-2.8901267051696779,"y":4.139349937438965,"z":-2.903028726577759},"rotation":{"x":0.13503500819206239,"y":0.2368520200252533,"z":-0.033180803060531619,"w":0.9615631103515625},"size":0.0866025984287262,"orthographic":false}