{"cameraMode":{"drawMode":0,"name":"Shaded","section":"Shading Mode"},"sceneLighting":true,"audioPlay":false,"sceneViewState":{"m_AlwaysRefresh":false,"showFog":true,"showSkybox":true,"showFlares":true,"showImageEffects":true,"showParticleSystems":true,"showVisualEffectGraphs":true,"m_FxEnabled":true},"in2DMode":false,"pivot":{"x":-0.4459114074707031,"y":1.2070561647415162,"z":0.6155195236206055},"rotation":{"x":0.14168471097946168,"y":0.21062570810317994,"z":-0.03078765980899334,"w":0.9667742848396301},"size":2.655729293823242,"orthographic":false}