{"cameraMode":{"drawMode":0,"name":"Shaded","section":"Shading Mode"},"sceneLighting":true,"audioPlay":false,"sceneViewState":{"m_AlwaysRefresh":false,"showFog":true,"showSkybox":true,"showFlares":true,"showImageEffects":true,"showParticleSystems":true,"showVisualEffectGraphs":true,"m_FxEnabled":true},"in2DMode":false,"pivot":{"x":1.0485467910766602,"y":5.460901260375977,"z":12.077095031738282},"rotation":{"x":-0.010495003312826157,"y":0.020997507497668268,"z":0.00028675771318376064,"w":0.9997428059577942},"size":17.24205207824707,"orthographic":false}