{"cameraMode":{"drawMode":0,"name":"Shaded","section":"Shading Mode"},"sceneLighting":true,"audioPlay":false,"sceneViewState":{"m_AlwaysRefresh":false,"showFog":true,"showSkybox":true,"showFlares":true,"showImageEffects":true,"showParticleSystems":true,"showVisualEffectGraphs":true,"m_FxEnabled":true},"in2DMode":false,"pivot":{"x":-2.875314474105835,"y":25.197351455688478,"z":26.835296630859376},"rotation":{"x":0.008608839474618435,"y":0.9865337014198303,"z":-0.05480115860700607,"w":0.15393978357315064},"size":0.1572161614894867,"orthographic":true}